ts	phase	decision	why	evidence	result
2026-10-04T10:54:18Z	frame	Pinned the port to upstream pstack e43c7ee (0.15.9)	The user asked for the 0.15.9 release; e43c7ee is the newest pstack commit on 2026-10-03	cursor/plugins git diff 71ed0d1..e43c7ee -- pstack	scope fixed
2026-10-04T10:54:18Z	design	Port only the worth-taking-now set; skip model slugs, Cursor autopilot playbooks, and the Opus 5.5 instruction cuts	Routing lives in models.<host>.yaml; Codex host may still need the cut reminders	user approval in chat	preserve local routing
2026-10-04T10:54:18Z	design	Add correct, benchmark-checklist, principle-explain-the-number as standalone skills and wire them by one-line triggers	New workflows need their own SKILL.md; existing playbooks only point at them	user approval in chat	open
2026-10-04T10:55:42Z	skills	Added correct, benchmark-checklist, principle-explain-the-number	Upstream 9511e60 and 23e4138; adapted to user-gated commits, recall, writing-for-agents, prepare-pull-request, macOS core count	.agents/skills/{correct,benchmark-checklist,principle-explain-the-number}/SKILL.md	implemented
2026-10-04T10:55:42Z	skills	Ported architect agent-proof screen and four design red flags	Upstream a586282	.agents/skills/architect/	implemented
2026-10-04T10:55:42Z	skills	Replaced perf strategy families with ordered performance mantras and wired benchmark-checklist into perf-issue and hillclimb	Upstream 23e4138 and e43c7ee	.agents/skills/agent-mode/playbooks/{perf-issue,hillclimb}.md	implemented
2026-10-04T10:55:42Z	skills	Added agent-mode triggers, Explain the Number principle, fresh-subagents rule, evidence-label reply rule	Upstream 23e4138 and f8abedd; kept local delivery boundary	.agents/skills/agent-mode/SKILL.md	implemented
2026-10-04T10:55:42Z	skills	Ported swarm SHA and method briefs, all-issues reports, one budgeted retry	Upstream 23e4138; retry kept inside reserved credits per HOST-COMPATIBILITY	.agents/skills/swarm/SKILL.md	implemented
2026-10-04T10:55:42Z	skills	Ported show-me-your-work start rows, supersede-only audit, and log.sh -s with append	Upstream 23e4138; log.sh no longer truncates on a failed existence test	.agents/skills/show-me-your-work/	implemented
2026-10-04T10:55:42Z	verification	Ran routing audit, skill-cost tests, diff check, relative-link scan, and a log.sh append test	Same checks as the 0.15.0 port	audit-routing.py; test_skill_cost.py; git diff --check	all green; +3168 estimated tokens (+2.5 percent)
